Category,Theme,Question,Sample Answer
Analysis,Budget/Competition/Scope,What is the customer's budget?,"The funding originates from a federal grant capped at $3 million, earmarked for improving cybersecurity infrastructure."
Analysis,Budget/Competition/Scope,What companies are critical?,"The incumbent contractor, ABC Solutions, currently manages the system and is likely to be a key competitor."
Analysis,Budget/Competition/Scope,Are there changes to the scope of work?,"The revised SOW removes on-site support requirements, transitioning to a fully remote service delivery model."
Intel,Stakeholders,Who are the decision makers?,"The decision makers include the procurement officer, the IT director, and the CFO."
Intel,Stakeholders,Who is paying for this?,This initiative is funded by a DoD contract with payments managed by DFAS.
Intel,Stakeholders,Who are the end users?,The primary users are field technicians utilizing the system for real-time updates.
Intel,Motivation,Why is this being procured?,To replace outdated legacy systems and enhance operational efficiency.
Intel,Motivation,Why is this a priority for the organization?,It supports goals in their five-year modernization plan.
Intel,Motivation,Why is the current solution not working?,System outages and unsupported technology cause delays and maintenance costs.
Intel,Motivation,Why is this a priority for the decision maker?,They are under pressure to meet performance targets tied to federal funding.
Intel,Motivation,What are the challenges?,Migrating data from legacy systems without disrupting operations.
Intel,Requirements,What are the key personnel requirements?,Certified project manager (PMP) with 10+ years of federal experience.
Intel,Requirements,What vehicle is being used?,This project is using a BPA under an existing IDIQ framework.
Intel,Requirements,What tools are they using?,"Jira and Confluence for tracking, Tableau for analytics."
Intel,Assessments,Why should we bid?,Strong past performance and aligned core capabilities.
Intel,Assessments,Why should we not bid?,Short timeline and unavailable cleared personnel.
Solution,General,Describe the win theme(s) we want to write to,"Innovation, low risk, past performance, rapid deployment capability."
Solution,General,Provide any other information that may be useful for generating a response,"508 compliance required, rapid mobilization capability available."
Solution,General,List our teaming partners for this bid and what their roles will be,ABC Technologies: provides hardware and software solutions.
Solution,Approach,What is the level of effort?,Team of 5 full-time personnel over 6 months.
Solution,Approach,What is the pricing strategy?,Fixed-price for transparency and scope flexibility.
Solution,Approach,How will we implement this solution?,"Dedicated team, comprehensive assessment, training, and rollout."
Solution,Approach,What actions are required by the customer?,Allocate internal testing resources and identify key decision-makers.
Solution,Approach,How will lines of communication be handled?,"Weekly meetings, project portal, and a single POC."
Solution,Approach,What are they hoping to achieve?,"Operational efficiency, compliance, scalability."
Solution,Management,What is our management approach?,Agile approach with continuous improvement.
Solution,Management,How will we monitor quality?,QA plan with KPIs and regular audits.
Solution,Management,Who will be leading this project?,Experienced PM with domain expertise.
Solution,Management,Who are the key personnel?,"PM, architect, developer, QA specialist, client liaison."
Solution,Benefits,How do we make the decision makers look good?,Executive dashboards and public recognition opportunities.
Solution,Benefits,How will we improve the lives of end users?,"Faster decision-making, intuitive interfaces, less manual effort."
Solution,Benefits,What are the anticipated savings?,"20% cost savings via automation, $500K in infrastructure reuse."
Solution,Benefits,What benefits will the customer experience?,"Improved data security, performance, and scalability."
Solution,Features,How do we do better than the competition?,Higher certification count and better on-time delivery rates.
Solution,Features,How is our solution tailored to the customer's needs?,Phased implementation and enhanced security per customer request.
Solution,Features,What does the ideal end state look like for us?,A scalable framework replicable for future bids.
Solution,Features,What does the ideal end state look like for the customer?,"50% onboarding reduction, 25% growth support without more investment."
Solution,Risks,What are the risks?,"Third-party delays, stakeholder misalignment."
Solution,Risks,How will we mitigate risks?,Testing phases and SLAs with vendors.
Solution,Risks,What is our solution dependent on?,Legacy system access and third-party licenses.
Solution,Risks,What happens if dependencies are unavailable?,Shift to testing/training or use open-source alternatives.
Solution,Risks,What does our solution assume?,Secure network infrastructure and timely customer approvals.
